path	size	sha256	asset
buildx/artifacts/src/buildx-0.24.0.tar.gz	13028835	c20f30462818a4e9224ac8dbd639ff9da323ecf40f296095e5a693296ad4b765	buildx_artifacts_src_buildx-0.24.0.tar.gz
buildx/artifacts/src/buildx-0.27.0.tar.gz	13371478	b2d9ae781b2f693fe145969e3ebfb02f88aa365d0e0f4bb2578759e634b5b98b	buildx_artifacts_src_buildx-0.27.0.tar.gz
buildx/artifacts/src/buildx-0.30.0.tar.gz	13904497	8acfd78fc74ad79d674f6305c7eb62807f592946a76e9a0451f944f74fc75e33	buildx_artifacts_src_buildx-0.30.0.tar.gz
claude-code-router/artifacts/src/claude-code-router-1.0.73.tgz	3427642	4c087ea9d998e9b705461127a55626af282ce4e3e6ae86f4496181721ecfd968	claude-code-router_artifacts_src_claude-code-router-1.0.73.tgz
claude-code-router/artifacts/src/claude-code-router-2.0.0.tgz	5076137	c09fd569577d13e5fd15da40623df8d561f8816eb0f0a045839f4302a9862737	claude-code-router_artifacts_src_claude-code-router-2.0.0.tgz
cmake/artifacts/src/cmake-3.27.9.tar.gz	10984490	609a9b98572a6a5ea477f912cffb973109ed4d0a6a6b3f9e2353d2cdc048708e	cmake_artifacts_src_cmake-3.27.9.tar.gz
containerd/artifacts/src/containerd-1.6.38.tar.gz	9269504	c14bbff6304d769c081f4ac77a1c58fc9ed1c475e0cf99eac51e9d79445ac28f	containerd_artifacts_src_containerd-1.6.38.tar.gz
containerd/artifacts/src/containerd-1.7.27.tar.gz	10091826	374f1c906b409cfad142b20d208f99e9539e5eb47fbb47ea541b4dfc9867345f	containerd_artifacts_src_containerd-1.7.27.tar.gz
containerd/artifacts/src/containerd-2.0.5.tar.gz	10452563	617917606c64df1cab19a0f5cc20fd724ed9187314bcd40eaacf66a9e75b1eb8	containerd_artifacts_src_containerd-2.0.5.tar.gz
docker/artifacts/src/cli-23.0.15.tar.gz	6228252	a0712d03e56e4857de1a04fabc7b052531957e41f1cbe0e91d298dd09b1836ba	docker_artifacts_src_cli-23.0.15.tar.gz
docker/artifacts/src/cli-24.0.9.tar.gz	6455296	be949d2b9ce549f65823e57b0a41676ae607160a21a846ff88b26f77a43f5a1a	docker_artifacts_src_cli-24.0.9.tar.gz
docker/artifacts/src/cli-26.1.5.tar.gz	7083939	41597ce62e8b3e67a9784690e8aea6d9c9e449c9a2a3617981580d5587719f8f	docker_artifacts_src_cli-26.1.5.tar.gz
docker/artifacts/src/cli-27.5.1.tar.gz	7462515	abd16e3911bc7bbd00596ebe4f58baf3d577160d99eefd749a908507ddfc587b	docker_artifacts_src_cli-27.5.1.tar.gz
docker/artifacts/src/moby-23.0.15.tar.gz	13968987	bda2cd11455c353c4ce0b997f483d714ed382b534a664b430ddec55cf7bc118f	docker_artifacts_src_moby-23.0.15.tar.gz
docker/artifacts/src/moby-24.0.9.tar.gz	14667617	c498c4aa45d208d3af5fc9be3fb0d60f3fac6d710077c0557e217f7f80fd6c96	docker_artifacts_src_moby-24.0.9.tar.gz
docker/artifacts/src/moby-26.1.5.tar.gz	16391356	a3fe1079de78910fce5c6af775540d1b6630222eeacfa315c51e9ac344863adb	docker_artifacts_src_moby-26.1.5.tar.gz
docker/artifacts/src/moby-27.5.1.tar.gz	17077765	0d071c1773c855778d85590e01b924c1857000fd786485f4b674a3be2d3b893c	docker_artifacts_src_moby-27.5.1.tar.gz
docker-compose/artifacts/src/compose-2.32.4.tar.gz	382203	2574c30f5746f43209b203c1acb23c26a92598944d990c12eafecda663b80e9c	docker-compose_artifacts_src_compose-2.32.4.tar.gz
docker-compose/artifacts/src/compose-2.32.4-vendored.tar.gz	11684715	7b352f3335644fb86136ba952980a0ecc5d13c746f282951c8135779e4c8ac66	docker-compose_artifacts_src_compose-2.32.4-vendored.tar.gz
docker-compose/artifacts/src/compose-2.35.1.tar.gz	402957	999f5e3405c8da64f7296d8e90b6777a2ce7f3a582b4b1800a7a1c21dbebaf16	docker-compose_artifacts_src_compose-2.35.1.tar.gz
docker-compose/artifacts/src/compose-2.35.1-vendored.tar.gz	12377017	269bd7dd44c557468921944a6d1b5e21c64f5c3ab8dc1d60eef91bcd724a8c9a	docker-compose_artifacts_src_compose-2.35.1-vendored.tar.gz
docker-compose/artifacts/src/compose-2.38.2.tar.gz	418919	250e087aeb614c762e3cb7c5b0cacb964acfa90f3f1d158942fc06d22d5e1044	docker-compose_artifacts_src_compose-2.38.2.tar.gz
docker-compose/artifacts/src/compose-2.38.2-vendored.tar.gz	12508086	d3290592695ccb85d58a0a03131bd8df15b305b9644a5d0214a32c28e15bda49	docker-compose_artifacts_src_compose-2.38.2-vendored.tar.gz
fluent-bit/artifacts/src/fluent-bit-3.2.10.tar.gz	31834668	f86ecbe208ae152841909a063f28ca250b8a6771c5e43dcb1786ef310f927904	fluent-bit_artifacts_src_fluent-bit-3.2.10.tar.gz
fluent-bit/artifacts/src/fluent-bit-4.0.14.tar.gz	34512292	38d36996733b6bbe3914c20f27d3fba7f441ced852a40c2ed5fb8ec2f85d990a	fluent-bit_artifacts_src_fluent-bit-4.0.14.tar.gz
fluent-bit/artifacts/src/fluent-bit-4.2.6.tar.gz	38836824	b0cd092b4453ee3a71b21a2a85ac7c0230da2ddc71fd5495bad0e5331d34057a	fluent-bit_artifacts_src_fluent-bit-4.2.6.tar.gz
fluent-bit/artifacts/src/fluent-bit-5.0.9.tar.gz	43072853	158e86d5fbf605e5aeced06ee94ce41a224b34311627f8f4083d722d1f6d7967	fluent-bit_artifacts_src_fluent-bit-5.0.9.tar.gz
fluent-bit/artifacts/src/openssl-3.0.16.tar.gz	15334967	57e03c50feab5d31b152af2b764f10379aecd8ee92f16c985983ce4a99f7ef86	fluent-bit_artifacts_src_openssl-3.0.16.tar.gz
fluent-bit/artifacts/src/yaml-0.2.5.tar.gz	609454	c642ae9b75fee120b2d96c712538bd2cf283228d2337df2cf2988e3c02678ef4	fluent-bit_artifacts_src_yaml-0.2.5.tar.gz
gcc/artifacts/src/binutils-2.31.1.tar.xz	20467996	5d20086ecf5752cc7d9134246e9588fa201740d540f7eb84d795b1f7a93bca86	gcc_artifacts_src_binutils-2.31.1.tar.xz
gcc/artifacts/src/gcc-10.5.0.tar.xz	77846412	25109543fdf46f397c347b5d8b7a2c7e5694a5a51cce4b9c6e1ea8a71ca307c1	gcc_artifacts_src_gcc-10.5.0.tar.xz
gcc/artifacts/src/gcc-11.5.0.tar.xz	82399864	a6e21868ead545cf87f0c01f84276e4b5281d672098591c1c896241f09363478	gcc_artifacts_src_gcc-11.5.0.tar.xz
gcc/artifacts/src/gcc-12.4.0.tar.xz	83377372	704f652604ccbccb14bdabf3478c9511c89788b12cb3bbffded37341916a9175	gcc_artifacts_src_gcc-12.4.0.tar.xz
gcc/artifacts/src/gcc-13.3.0.tar.xz	87909952	0845e9621c9543a13f484e94584a49ffc0129970e9914624235fc1d061a0c083	gcc_artifacts_src_gcc-13.3.0.tar.xz
gcc/artifacts/src/gcc-14.2.0.tar.xz	92306460	a7b39bc69cbf9e25826c5a60ab26477001f7c08d85cec04bc0e29cabed6f3cc9	gcc_artifacts_src_gcc-14.2.0.tar.xz
gcc/artifacts/src/gcc-8.5.0.tar.xz	63841008	d308841a511bb830a6100397b0042db24ce11f642dab6ea6ee44842e5325ed50	gcc_artifacts_src_gcc-8.5.0.tar.xz
gcc/artifacts/src/gcc-9.1.0.tar.xz	70546856	79a66834e96a6050d8fe78db2c3b32fb285b230b855d0a66288235bc04b327a0	gcc_artifacts_src_gcc-9.1.0.tar.xz
gcc/artifacts/src/gcc-9.5.0.tar.xz	72462752	27769f64ef1d4cd5e2be8682c0c93f9887983e6cfd1a927ce5a0a2915a95cf8f	gcc_artifacts_src_gcc-9.5.0.tar.xz
gcc/artifacts/src/gmp-6.1.2.tar.xz	1946336	87b565e89a9a684fe4ebeeddb8399dce2599f9c9049854ca8c0dfbdea0e21912	gcc_artifacts_src_gmp-6.1.2.tar.xz
gcc/artifacts/src/make-4.4.1.tar.gz	2348200	dd16fb1d67bfab79a72f5e8390735c49e3e8e70b4945a15ab1f81ddb78658fb3	gcc_artifacts_src_make-4.4.1.tar.gz
gcc/artifacts/src/mpc-1.1.0.tar.gz	701263	6985c538143c1208dcb1ac42cedad6ff52e267b47e5f970183a3e75125b43c2e	gcc_artifacts_src_mpc-1.1.0.tar.gz
gcc/artifacts/src/mpfr-4.0.2.tar.xz	1441996	1d3be708604eae0e42d578ba93b390c2a145f17743a744d8f3f8c2ad5855a38a	gcc_artifacts_src_mpfr-4.0.2.tar.xz
glibc/artifacts/orel-2.12.tar	83141632	5dba0771463d5cadd56c20631178206e97ee48ea1f9e1c1119e808c7918a8330	glibc_artifacts_orel-2.12.tar
glibc/artifacts/src/glibc-2.28.tar.xz	16484344	b1900051afad76f7a4f73e71413df4826dce085ef8ddb785a945b66d7d513082	glibc_artifacts_src_glibc-2.28.tar.xz
glibc/artifacts/src/glibc-2.29.tar.xz	16515488	f3eeb8d57e25ca9fc13c2af3dae97754f9f643bc69229546828e3a240e2af04b	glibc_artifacts_src_glibc-2.29.tar.xz
glibc/artifacts/src/glibc-2.30.tar.xz	16576920	e2c4114e569afbe7edbc29131a43be833850ab9a459d81beb2588016d2bbb8af	glibc_artifacts_src_glibc-2.30.tar.xz
glibc/artifacts/src/glibc-2.31.tar.xz	16676764	9246fe44f68feeec8c666bb87973d590ce0137cca145df014c72ec95be9ffd17	glibc_artifacts_src_glibc-2.31.tar.xz
glibc/artifacts/src/glibc-2.32.tar.xz	16744512	1627ea54f5a1a8467032563393e0901077626dc66f37f10ee6363bb722222836	glibc_artifacts_src_glibc-2.32.tar.xz
glibc/artifacts/src/glibc-2.33.tar.xz	17031280	2e2556000e105dbd57f0b6b2a32ff2cf173bde4f0d85dffccfd8b7e51a0677ff	glibc_artifacts_src_glibc-2.33.tar.xz
glibc/artifacts/src/glibc-2.34.tar.xz	17301232	44d26a1fe20b8853a48f470ead01e4279e869ac149b195dda4e44a195d981ab2	glibc_artifacts_src_glibc-2.34.tar.xz
glibc/artifacts/src/glibc-2.35.tar.xz	18165952	5123732f6b67ccd319305efd399971d58592122bcc2a6518a1bd2510dd0cf52e	glibc_artifacts_src_glibc-2.35.tar.xz
glibc/artifacts/src/glibc-2.36.tar.xz	18610836	1c959fea240906226062cb4b1e7ebce71a9f0e3c0836c09e7e3423d434fcfe75	glibc_artifacts_src_glibc-2.36.tar.xz
glibc/artifacts/src/glibc-2.37.tar.xz	18674604	2257eff111a1815d74f46856daaf40b019c1e553156c69d48ba0cbfc1bb91a43	glibc_artifacts_src_glibc-2.37.tar.xz
glibc/artifacts/src/glibc-2.38.tar.xz	18913712	fb82998998b2b29965467bc1b69d152e9c307d2cf301c9eafb4555b770ef3fd2	glibc_artifacts_src_glibc-2.38.tar.xz
glibc/artifacts/src/glibc-2.39.tar.xz	18520988	f77bd47cf8170c57365ae7bf86696c118adb3b120d3259c64c502d3dc1e2d926	glibc_artifacts_src_glibc-2.39.tar.xz
glibc/artifacts/src/glibc-2.40.tar.xz	18752204	19a890175e9263d748f627993de6f4b1af9cd21e03f080e4bfb3a1fac10205a2	glibc_artifacts_src_glibc-2.40.tar.xz
glibc/artifacts/src/glibc-2.41.tar.xz	19344868	a5a26b22f545d6b7d7b3dd828e11e428f24f4fac43c934fb071b6a7d0828e901	glibc_artifacts_src_glibc-2.41.tar.xz
glibc/artifacts/src/glibc-2.42.tar.xz	19930508	d1775e32e4628e64ef930f435b67bb63af7599acb6be2b335b9f19f16509f17f	glibc_artifacts_src_glibc-2.42.tar.xz
glibc/artifacts/src/glibc-2.43.tar.xz	20297012	d9c86c6b5dbddb43a3e08270c5844fc5177d19442cf5b8df4be7c07cd5fa3831	glibc_artifacts_src_glibc-2.43.tar.xz
golang/artifacts/src/golang-1.17.13.tar.gz	22176257	31ec43dac6a9bc91b8871cf1e6a4c8423a20451f60b1ee6cced8474f91abc192	golang_artifacts_src_golang-1.17.13.tar.gz
golang/artifacts/src/golang-1.20.6.tar.gz	26115245	baaebb7ad7f0054ac4f7fd39ec6e1fec17e187301cc479f499fab7ac61ca58c7	golang_artifacts_src_golang-1.20.6.tar.gz
golang/artifacts/src/golang-1.22.6.tar.gz	27736060	71cbf4f555da51df93f71b1726c69f2e80f62bbe2e7ce1c5c39c3d57fa385b14	golang_artifacts_src_golang-1.22.6.tar.gz
golang/artifacts/src/golang-1.24.5.tar.gz	31042507	d89da615cb82813b6f725e0a65fd9770aebfcab835c4c91042c4802d6e5a0fb6	golang_artifacts_src_golang-1.24.5.tar.gz
golang/artifacts/src/golang-1.4.tar.gz	10968312	579bb7e514aedc13d5bbff57fafdab9c183d277f341f2a55cf1013aeb881d9cf	golang_artifacts_src_golang-1.4.tar.gz
llvm/artifacts/src/llvm-project-15.0.7.src.tar.xz	110936452	8b5fcb24b4128cf04df1b0b9410ce8b1a729cb3c544e6da885d234280dedeac6	llvm_artifacts_src_llvm-project-15.0.7.src.tar.xz
llvm/artifacts/src/llvm-project-17.0.6.src.tar.xz	127838860	58a8818c60e6627064f312dbf46c02d9949956558340938b71cf731ad8bc0813	llvm_artifacts_src_llvm-project-17.0.6.src.tar.xz
llvm/artifacts/src/llvm-project-18.1.8.src.tar.xz	132067260	0b58557a6d32ceee97c8d533a59b9212d87e0fc4d2833924eb6c611247db2f2a	llvm_artifacts_src_llvm-project-18.1.8.src.tar.xz
llvm/artifacts/src/llvm-project-20.1.8.src.tar.xz	147242952	6898f963c8e938981e6c4a302e83ec5beb4630147c7311183cf61069af16333d	llvm_artifacts_src_llvm-project-20.1.8.src.tar.xz
llvm/artifacts/src/llvm-project-21.1.8.src.tar.xz	158958576	4633a23617fa31a3ea51242586ea7fb1da7140e426bd62fc164261fe036aa142	llvm_artifacts_src_llvm-project-21.1.8.src.tar.xz
llvm/artifacts/src/v1.11.1.tar.gz	229479	31747ae633213f1eda3842686f83c2aa1412e0f5691d1c14dbbcc67fe7400cea	llvm_artifacts_src_v1.11.1.tar.gz
nginx/artifacts/src/krb5-1.21.3.tar.gz	9136145	b7a4cd5ead67fb08b980b21abd150ff7217e85ea320c9ed0c6dadd304840ad35	nginx_artifacts_src_krb5-1.21.3.tar.gz
nginx/artifacts/src/nginx-1.24.0.tar.gz	1112471	77a2541637b92a621e3ee76776c8b7b40cf6d707e69ba53a940283e30ff2f55d	nginx_artifacts_src_nginx-1.24.0.tar.gz
nginx/artifacts/src/nginx-1.26.3.tar.gz	1260179	69ee2b237744036e61d24b836668aad3040dda461fe6f570f1787eab570c75aa	nginx_artifacts_src_nginx-1.26.3.tar.gz
nginx/artifacts/src/nginx-1.27.4.tar.gz	1277177	294816f879b300e621fa4edd5353dd1ec00badb056399eceb30de7db64b753b2	nginx_artifacts_src_nginx-1.27.4.tar.gz
nginx/artifacts/src/nginx-1.28.0.tar.gz	1280111	c6b5c6b086c0df9d3ca3ff5e084c1d0ef909e6038279c71c1c3e985f576ff76a	nginx_artifacts_src_nginx-1.28.0.tar.gz
nginx/artifacts/src/nginx-auth-ldap-master.tar.gz	18541	78890c710af9f12891599a456691ff07189810f40801dde6377c498e432b99b5	nginx_artifacts_src_nginx-auth-ldap-master.tar.gz
nginx/artifacts/src/openldap-2.6.9.tgz	6516669	2cb7dc73e9c8340dff0d99357fbaa578abf30cc6619f0521972c555681e6b2ff	nginx_artifacts_src_openldap-2.6.9.tgz
nginx/artifacts/src/openssl-3.0.16.tar.gz	15334967	57e03c50feab5d31b152af2b764f10379aecd8ee92f16c985983ce4a99f7ef86	nginx_artifacts_src_openssl-3.0.16.tar.gz
nginx/artifacts/src/pcre2-10.45.tar.gz	2715958	0e138387df7835d7403b8351e2226c1377da804e0737db0e071b48f07c9d12ee	nginx_artifacts_src_pcre2-10.45.tar.gz
nginx/artifacts/src/zlib-1.3.1.tar.gz	1512791	9a93b2b7dfdac77ceba5a558a580e74667dd6fede4585b91eefb60f03b72df23	nginx_artifacts_src_zlib-1.3.1.tar.gz
nodejs/artifacts/src/node-v10.24.1.tar.xz	21647996	d72fc2c244603b4668da94081dc4d6067d467fdfa026e06a274012f16600480c	nodejs_artifacts_src_node-v10.24.1.tar.xz
nodejs/artifacts/src/node-v12.22.12.tar.xz	24088012	bc42b7f8495b9bfc7f7850dd180bb02a5bdf139cc232b8c6f02a6967e20714f2	nodejs_artifacts_src_node-v12.22.12.tar.xz
nodejs/artifacts/src/node-v14.21.3.tar.xz	34508116	458ec092e60ad700ddcf079cb63d435c15da4c7bb3d3f99b9a8e58a99e54075e	nodejs_artifacts_src_node-v14.21.3.tar.xz
nodejs/artifacts/src/node-v16.20.2.tar.xz	36834468	576f1a03c455e491a8d132b587eb6b3b84651fc8974bb3638433dd44d22c8f49	nodejs_artifacts_src_node-v16.20.2.tar.xz
nodejs/artifacts/src/node-v18.20.5.tar.xz	40624172	76037b9bad0ab9396349282dbfcec1b872ff7bd8c8d698853bebd982940858bf	nodejs_artifacts_src_node-v18.20.5.tar.xz
nodejs/artifacts/src/node-v20.18.1.tar.xz	41962272	91df43f8ab6c3f7be81522d73313dbdd5634bbca228ef0e6d9369fe0ab8cccd0	nodejs_artifacts_src_node-v20.18.1.tar.xz
nodejs/artifacts/src/node-v22.11.0.tar.xz	47006780	bbf0297761d53aefda9d7855c57c7d2c272b83a7b5bad4fea9cb29006d8e1d35	nodejs_artifacts_src_node-v22.11.0.tar.xz
nodejs/artifacts/src/node-v26.4.0.tar.xz	60288924	9eceb3621024069d91035b5471d2ebe86aa04d22dbeba72a782eaf36ff9183ac	nodejs_artifacts_src_node-v26.4.0.tar.xz
nodejs/artifacts/src/node-v8.17.0.tar.xz	19013844	5b0d96db482b273f0324c299ead86ecfbc5d033516e5fc37c92cfccb933ef6ff	nodejs_artifacts_src_node-v8.17.0.tar.xz
nodejs/artifacts/src/pnpm-3.8.1.tgz	5387928	c42d87a8a90d861960f563cad0745a023e8b9fc81cf2217b0682f2dc6341054b	nodejs_artifacts_src_pnpm-3.8.1.tgz
nodejs/artifacts/src/pnpm-5.18.10.tgz	2554938	c6271412d4adb4531dd9d45b8e7fc0d0c6d3574bf6900745fefdc2a189f59713	nodejs_artifacts_src_pnpm-5.18.10.tgz
nodejs/artifacts/src/pnpm-6.35.1.tgz	2969409	ffe9cfa6596d23de240060781ed3a95d6e91b0fc06c0341a556a5e8c5164f8d7	nodejs_artifacts_src_pnpm-6.35.1.tgz
nodejs/artifacts/src/pnpm-7.33.7.tgz	3139995	d1581d46ed10f54ff0cbdd94a2373b1f070202b0fbff29f27c2ce01460427043	nodejs_artifacts_src_pnpm-7.33.7.tgz
nodejs/artifacts/src/pnpm-8.15.9.tgz	3827587	daa27a0b541bc635323ff96c2ded995467ff9fe6d69ff67021558aa9ad9dcc36	nodejs_artifacts_src_pnpm-8.15.9.tgz
nodejs/artifacts/src/pnpm-9.15.0.tgz	4314910	09a8fe31a34fda706354680619f4002f4ccef6dadff93240d24ef6c831f0fd28	nodejs_artifacts_src_pnpm-9.15.0.tgz
pg-probackup/artifacts/src/pg_probackup-2.5.16.tar.gz	526649	061ce221d7b9039a4f6b43dbf5ae4e54acdc36092d4448d483c0a1b24b0e8fba	pg-probackup_artifacts_src_pg_probackup-2.5.16.tar.gz
pg-probackup/artifacts/src/postgresql-13.23.tar.bz2	21767253	6ec3c82726af92b7dec873fa1cdf881eca92a4219787dfad05acb6b10e041fd6	pg-probackup_artifacts_src_postgresql-13.23.tar.bz2
pg-probackup/artifacts/src/postgresql-14.23.tar.bz2	22586931	cc7216822b546330e29c2f91e123c8734a4c41795082145bb962aa712e8c94a5	pg-probackup_artifacts_src_postgresql-14.23.tar.bz2
pg-probackup/artifacts/src/postgresql-15.18.tar.bz2	23405115	11df0df97fe3ea4ba9a791faaf39cee1d2fe571e78885b5b55d8517d27c323b4	pg-probackup_artifacts_src_postgresql-15.18.tar.bz2
pg-probackup/artifacts/src/postgresql-16.14.tar.bz2	25106859	f6d077142737920858ce958ccdb75c6ee137a63b5b0853c70693d401ac7e3471	pg-probackup_artifacts_src_postgresql-16.14.tar.bz2
pg-probackup/artifacts/src/postgresql-17.10.tar.bz2	21664720	078a03516dcdbdb705fecaf415ea3d13a956c589e46f09fed68a06fb00598c90	pg-probackup_artifacts_src_postgresql-17.10.tar.bz2
pg-probackup/artifacts/src/postgresql-18.4.tar.bz2	22567173	81a81ec695fb0c7901407defaa1d2f7973617154cf27ba74e3a7ab8e64436094	pg-probackup_artifacts_src_postgresql-18.4.tar.bz2
php/artifacts/src/curl-8.11.1.tar.xz	2751236	c7ca7db48b0909743eaef34250da02c19bc61d4f1dcedd6603f109409536ab56	php_artifacts_src_curl-8.11.1.tar.xz
php/artifacts/src/libzip-1.11.3.tar.xz	788520	9509d878ba788271c8b5abca9cfde1720f075335686237b7e9a9e7210fe67c1b	php_artifacts_src_libzip-1.11.3.tar.xz
php/artifacts/src/php-7.4.33.tar.xz	10420144	924846abf93bc613815c55dd3f5809377813ac62a9ec4eb3778675b82a27b927	php_artifacts_src_php-7.4.33.tar.xz
php/artifacts/src/php-8.0.30.tar.xz	10821076	216ab305737a5d392107112d618a755dc5df42058226f1670e9db90e77d777d9	php_artifacts_src_php-8.0.30.tar.xz
php/artifacts/src/php-8.1.31.tar.xz	11916684	c4f244d46ba51c72f7d13d4f66ce6a9e9a8d6b669c51be35e01765ba58e7afca	php_artifacts_src_php-8.1.31.tar.xz
php/artifacts/src/php-8.2.27.tar.xz	12150992	3eec91294d8c09b3df80b39ec36d574ed9b05de4c8afcb25fa215d48f9ecbc6b	php_artifacts_src_php-8.2.27.tar.xz
php/artifacts/src/php-8.3.16.tar.xz	12544360	40d3b4e6cac33d3bcefe096d75a28d4fb4e3a9615eb20a4de55ba139fbfacdd5	php_artifacts_src_php-8.3.16.tar.xz
php/artifacts/src/php-8.4.3.tar.xz	13569728	5c42173cbde7d0add8249c2e8a0c19ae271f41d8c47d67d72bdf91a88dcc7e4b	php_artifacts_src_php-8.4.3.tar.xz
php/artifacts/src/postgresql-16.6.tar.bz2	24856956	23369cdaccd45270ac5dcc30fa9da205d5be33fa505e1f17a0418d2caeca477b	php_artifacts_src_postgresql-16.6.tar.bz2
php/artifacts/src/zlib-1.3.1.tar.gz	1512791	9a93b2b7dfdac77ceba5a558a580e74667dd6fede4585b91eefb60f03b72df23	php_artifacts_src_zlib-1.3.1.tar.gz
postgres/artifacts/src/postgresql-10.23.tar.bz2	19485297	94a4b2528372458e5662c18d406629266667c437198160a18cdfd2c4a4d6eee9	postgres_artifacts_src_postgresql-10.23.tar.bz2
postgres/artifacts/src/postgresql-11.22.tar.bz2	20482994	2cb7c97d7a0d7278851bbc9c61f467b69c094c72b81740b751108e7892ebe1f0	postgres_artifacts_src_postgresql-11.22.tar.bz2
postgres/artifacts/src/postgresql-12.22.tar.bz2	21305304	8df3c0474782589d3c6f374b5133b1bd14d168086edbc13c6e72e67dd4527a3b	postgres_artifacts_src_postgresql-12.22.tar.bz2
postgres/artifacts/src/postgresql-13.23.tar.bz2	21767253	6ec3c82726af92b7dec873fa1cdf881eca92a4219787dfad05acb6b10e041fd6	postgres_artifacts_src_postgresql-13.23.tar.bz2
postgres/artifacts/src/postgresql-14.23.tar.bz2	22586931	cc7216822b546330e29c2f91e123c8734a4c41795082145bb962aa712e8c94a5	postgres_artifacts_src_postgresql-14.23.tar.bz2
postgres/artifacts/src/postgresql-15.18.tar.bz2	23405115	11df0df97fe3ea4ba9a791faaf39cee1d2fe571e78885b5b55d8517d27c323b4	postgres_artifacts_src_postgresql-15.18.tar.bz2
postgres/artifacts/src/postgresql-16.14.tar.bz2	25106859	f6d077142737920858ce958ccdb75c6ee137a63b5b0853c70693d401ac7e3471	postgres_artifacts_src_postgresql-16.14.tar.bz2
postgres/artifacts/src/postgresql-17.10.tar.bz2	21664720	078a03516dcdbdb705fecaf415ea3d13a956c589e46f09fed68a06fb00598c90	postgres_artifacts_src_postgresql-17.10.tar.bz2
postgres/artifacts/src/postgresql-18.4.tar.bz2	22567173	81a81ec695fb0c7901407defaa1d2f7973617154cf27ba74e3a7ab8e64436094	postgres_artifacts_src_postgresql-18.4.tar.bz2
postgres/artifacts/src/postgresql-9.0.23.tar.bz2	15045569	3dbcbe19c814139a3f4be8bc6b49db804753cbc49979f345083e835c52b4d7de	postgres_artifacts_src_postgresql-9.0.23.tar.bz2
postgres/artifacts/src/postgresql-9.1.24.tar.bz2	15863767	de0d84e9f32af145fcd66d8d324f6ef1a0b17944ea344b7bbe9d99fff68ae5d3	postgres_artifacts_src_postgresql-9.1.24.tar.bz2
postgres/artifacts/src/postgresql-9.2.24.tar.bz2	16552576	a754c02f7051c2f21e52f8669a421b50485afcde9a581674d6106326b189d126	postgres_artifacts_src_postgresql-9.2.24.tar.bz2
postgres/artifacts/src/postgresql-9.3.25.tar.bz2	17067593	e4953e80415d039ccd33d34be74526a090fd585cf93f296cd9c593972504b6db	postgres_artifacts_src_postgresql-9.3.25.tar.bz2
postgres/artifacts/src/postgresql-9.4.26.tar.bz2	16871195	f5c014fc4a5c94e8cf11314cbadcade4d84213cfcc82081c9123e1b8847a20b9	postgres_artifacts_src_postgresql-9.4.26.tar.bz2
postgres/artifacts/src/postgresql-9.5.25.tar.bz2	17923796	7628c55eb23768a2c799c018988d8f2ab48ee3d80f5e11259938f7a935f0d603	postgres_artifacts_src_postgresql-9.5.25.tar.bz2
postgres/artifacts/src/postgresql-9.6.24.tar.bz2	19047518	aeb7a196be3ebed1a7476ef565f39722187c108dd47da7489be9c4fcae982ace	postgres_artifacts_src_postgresql-9.6.24.tar.bz2
postgres-ext/artifacts/src/pgaudit-1.2.4.tar.gz	36496	edeeb016b29acd11cfb53647928f8621760aabaf5b92c46324ef32ddea5681b9	postgres-ext_artifacts_src_pgaudit-1.2.4.tar.gz
postgres-ext/artifacts/src/pgaudit-1.3.2.tar.gz	33957	e3c1097f0b82a750fd2608433f6496612e20b64204ce06a6cb8a1f943600eb15	postgres-ext_artifacts_src_pgaudit-1.3.2.tar.gz
postgres-ext/artifacts/src/pgaudit-1.4.3.tar.gz	37090	0872e13e2151abc6806c6dd3e1750ac0c84cfb2e147cc1c0badfad23e2a8b8a6	postgres-ext_artifacts_src_pgaudit-1.4.3.tar.gz
postgres-ext/artifacts/src/pgaudit-1.5.3.tar.gz	37883	200b2697d55719482a28d34357ea21cbbc95f22f69bdac6313c5ad6142187cd1	postgres-ext_artifacts_src_pgaudit-1.5.3.tar.gz
postgres-ext/artifacts/src/pgaudit-16.1.tar.gz	46038	3bae908ab70ba0c6f51224009dbcfff1a97bd6104c6273297a64292e1b921fee	postgres-ext_artifacts_src_pgaudit-16.1.tar.gz
postgres-ext/artifacts/src/pgaudit-1.6.3.tar.gz	45015	37a8f5a7cc8d9188e536d15cf0fdc457fcdab2547caedb54442c37f124110919	postgres-ext_artifacts_src_pgaudit-1.6.3.tar.gz
postgres-ext/artifacts/src/pgaudit-1.7.1.tar.gz	44910	e9c8e6e092d82b2f901d72555ce0fe7780552f35f8985573796cd7e64b09d4ec	postgres-ext_artifacts_src_pgaudit-1.7.1.tar.gz
postgres-ext/artifacts/src/pgaudit-17.1.tar.gz	46603	9c5f37504d393486cc75d2ced83f75f5899be64fa85f689d6babb833b4361e6c	postgres-ext_artifacts_src_pgaudit-17.1.tar.gz
postgres-ext/artifacts/src/pgaudit-18.0.tar.gz	47346	988e8afeda320ebe0a3e632ef6b6bce5d3a08346c2e100a173a585c9521d1fa5	postgres-ext_artifacts_src_pgaudit-18.0.tar.gz
postgres-ext/artifacts/src/pg_cron-1.6.7.tar.gz	56790	d950bc29155f31017567e23a31d268ff672e98276c0e9d062512fb7870351f03	postgres-ext_artifacts_src_pg_cron-1.6.7.tar.gz
postgres-ext/artifacts/src/pg_partman-4.7.4.tar.gz	1294058	e81e9b4edbd36490be6389e2a593cac9a55b1694ba84f8fd4b08df5b17d6233e	postgres-ext_artifacts_src_pg_partman-4.7.4.tar.gz
postgres-ext/artifacts/src/pg_partman-5.4.3.tar.gz	1356720	c52e3b8cf80d306468f48fbdb1905e4c2574bf8362240af57aebbbf9e18c6fe2	postgres-ext_artifacts_src_pg_partman-5.4.3.tar.gz
postgres-ext/artifacts/src/pg_repack-1.5.3.tar.gz	100851	9439892c0b7c7575677f61133e5692f3e8cfd5c6688c5db4fb202320c668c745	postgres-ext_artifacts_src_pg_repack-1.5.3.tar.gz
postgres-ext/artifacts/src/pgvector-0.8.5.tar.gz	127667	6f88a5cbdde31666f4b6c1a6b75c51dcbeffe58f9a7d2b26e502d5a6e5e14d44	postgres-ext_artifacts_src_pgvector-0.8.5.tar.gz
postgres-ext/artifacts/src/timescaledb-2.28.2.tar.gz	8888434	34aa87f33e774ba4f15b615443618d84c3948b46a8e90115c9606b2a26613648	postgres-ext_artifacts_src_timescaledb-2.28.2.tar.gz
redis/artifacts/src/redis-6.2.16.tar.gz	2496391	846bff83c26d827d49f8cc8114ea9d1e72eea1169f7de36b8135ea2cec104e7d	redis_artifacts_src_redis-6.2.16.tar.gz
redis/artifacts/src/redis-7.0.15.tar.gz	2994329	98066f5363504b26c34dd20fbcc3c957990d764cdf42576c836fc021073f4341	redis_artifacts_src_redis-7.0.15.tar.gz
redis/artifacts/src/redis-7.2.7.tar.gz	3394075	72c081e3b8cfae7144273d26d76736f08319000af46c01515cad5d29765cead5	redis_artifacts_src_redis-7.2.7.tar.gz
redis/artifacts/src/redis-7.4.2.tar.gz	3533864	4ddebbf09061cbb589011786febdb34f29767dd7f89dbe712d2b68e808af6a1f	redis_artifacts_src_redis-7.4.2.tar.gz
runc/artifacts/src/runc-1.1.12.tar.gz	2522196	be31b07d6a54a8f234016501c300ad04b6c428c56588e7eca8c3b663308db208	runc_artifacts_src_runc-1.1.12.tar.gz
runc/artifacts/src/runc-1.1.15.tar.gz	2544023	8446718a107f3e437bc33a4c9b89b94cb24ae58ed0a49d08cd83ac7d39980860	runc_artifacts_src_runc-1.1.15.tar.gz
runc/artifacts/src/runc-1.2.6.tar.gz	2763135	19b280702341f33ff353fa254d1dbdb67f6aab2c74395f6d651a17524f68e752	runc_artifacts_src_runc-1.2.6.tar.gz
rust/artifacts/src/mrustc-0.12.0.tar.gz	1437209	c1ba35f5fc5c4ca2952d9f5526e900dcb6632ea7fd4d71fa58029b3bb563ae56	rust_artifacts_src_mrustc-0.12.0.tar.gz
rust/artifacts/src/rustc-1.90.0-src.tar.gz	602086131	799a9f9cba4ed5351e071048bcf6b5560755d9009648def33a407dd4961f9b7e	rust_artifacts_src_rustc-1.90.0-src.tar.gz
samba-ad/artifacts/src/gnutls-3.8.4.tar.xz	6487520	2bea4e154794f3f00180fa2a5c51fe8b005ac7a31cd58bd44cdfa7f36ebc3a9b	samba-ad_artifacts_src_gnutls-3.8.4.tar.xz
samba-ad/artifacts/src/krb5-1.21.3.tar.gz	9136145	b7a4cd5ead67fb08b980b21abd150ff7217e85ea320c9ed0c6dadd304840ad35	samba-ad_artifacts_src_krb5-1.21.3.tar.gz
samba-ad/artifacts/src/nettle-3.9.1.tar.gz	2396741	ccfeff981b0ca71bbd6fbcb054f407c60ffb644389a5be80d6716d5b550c6ce3	samba-ad_artifacts_src_nettle-3.9.1.tar.gz
samba-ad/artifacts/src/samba-4.21.3.tar.gz	42654317	ae2179a613e7a5d4088735ab100d4ca1cae0f92374d6307e22eaec13ad90125c	samba-ad_artifacts_src_samba-4.21.3.tar.gz
